#	A	C	D	E	F	G	H	I	K	L	M	N	P	Q	R	S	T	V	W	X	Y	sum	
M1:	-13	-51	28	19	-35	6	-15	-54	2	-53	-99	-12	6	-41	-6	-26	-32	-53	-14	0	-36	-479
A2:	-99	-76	-12	-23	-35	-64	-51	-56	-39	-46	-67	-48	-28	-57	-45	-75	-71	-66	-21	0	-38	-1017
V3:	-64	-52	20	8	-37	-6	-17	-94	-4	-92	-99	-13	-6	-37	-15	-27	-83	-98	-25	0	-29	-770
G4:	-74	-29	9	-1	28	-83	21	28	-5	-11	14	-28	-14	-34	-11	-77	-34	-23	36	0	36	-252
G5:	-65	-28	7	-11	-10	-77	-18	-20	-8	-49	-37	-28	-3	-31	-7	-59	-35	-30	47	0	-6	-468
N6:	6	40	4	3	53	-13	-22	19	-6	20	40	-89	33	-22	7	-60	-54	13	63	0	50	85
N7:	43	61	48	57	78	42	68	77	60	80	70	-67	83	66	79	-25	21	76	84	0	76	1077
W8:	84	76	94	91	65	91	93	74	95	62	87	92	96	92	95	89	90	72	-53	0	61	1546
S9:	-29	-3	-5	-31	23	-15	-23	13	-61	9	1	-52	28	-44	-74	-93	-77	4	40	0	15	-374
M10:	9	19	25	18	37	23	-9	-3	-28	-5	-82	11	35	-68	-9	1	0	-3	49	0	8	28
W11:	56	50	82	78	60	76	78	62	86	73	66	77	90	76	84	74	76	59	-73	0	57	1287
L12:	-48	7	75	66	1	60	64	-38	67	-93	-56	64	74	50	63	47	-24	-51	55	0	53	436
R13:	0	22	30	13	50	21	-4	15	-77	17	33	-23	21	-27	-77	-29	-15	10	59	0	44	83
M14:	4	23	74	71	9	61	65	-29	72	-72	-84	66	76	54	68	56	8	-39	61	0	46	590
S15:	22	27	51	48	50	39	43	36	48	46	37	29	61	37	51	-75	-91	36	63	0	53	611
R16:	55	51	86	73	75	74	65	69	-69	71	61	72	81	46	-57	62	58	60	80	0	73	1086
V17:	-16	-3	21	-5	36	-4	-14	-54	-87	-36	-46	-30	5	-47	-75	-43	-42	-84	52	0	-8	-480
H18:	21	38	41	31	36	31	-63	44	16	28	40	15	71	-64	15	10	7	38	56	0	44	455
L19:	50	43	86	80	50	81	79	-4	81	-83	37	80	85	74	79	66	68	8	74	0	68	1102
R20:	35	40	77	66	63	63	48	55	-16	57	46	58	67	35	-84	53	50	54	70	0	59	896
Q21:	18	31	56	39	47	51	38	47	54	49	28	30	65	-91	52	36	41	39	49	0	36	715
I22:	41	24	80	75	47	74	72	-93	76	-78	23	73	79	66	73	54	48	-61	66	0	60	799
T23:	-28	11	29	11	36	-80	3	20	-30	25	13	-22	39	-23	-27	-73	-87	11	67	0	32	-73
K24:	4	30	71	38	55	53	36	47	-89	45	34	18	70	-31	-90	35	7	44	63	0	51	491
S25:	-34	-29	0	-4	-4	-16	-31	-33	-14	-23	-29	-45	-23	-27	-23	-93	-90	-68	45	0	-7	-548
L26:	38	19	72	69	-13	64	61	-94	68	-96	-64	62	68	55	62	52	37	-57	53	0	44	500
D27:	34	29	-95	8	50	41	26	50	55	58	46	20	64	11	46	18	21	47	58	0	52	639
R28:	-67	-26	-35	-80	48	-14	-43	-17	-81	-21	-32	-56	-26	-69	-91	-73	-71	-25	59	0	44	-676
T29:	-43	20	-49	-92	4	-46	-46	-16	-70	-20	-28	-59	-16	-73	-59	-79	-95	-43	49	0	-3	-764
L30:	39	23	77	69	36	71	67	-36	71	-91	11	70	77	59	68	57	53	-10	59	0	42	812
I31:	-66	-52	-19	-57	-44	-82	-28	-90	-65	-75	-65	-45	-11	-58	-47	-76	-72	-81	-12	0	-35	-1080
S32:	-42	-8	-34	-40	19	-90	-44	-19	-32	-15	4	-75	-36	-53	-43	-95	-87	-25	34	0	-16	-697
L33:	8	17	79	73	1	72	69	-59	75	-90	-60	62	76	61	72	61	8	-87	61	0	51	550
S34:	-28	-2	29	17	12	13	1	-59	6	-42	-6	-4	13	0	14	-67	-35	-47	38	0	15	-132
H35:	-15	28	-18	-62	0	1	-74	-9	0	0	28	-56	32	-35	6	-23	-18	-20	50	0	-13	-198
G36:	-35	-12	9	-5	11	-75	-26	4	-54	1	-15	-47	8	-51	-74	-52	-28	-3	60	0	2	-382
N37:	31	29	5	0	45	-1	-43	43	11	47	34	-90	62	17	46	-36	11	44	58	0	42	355
F38:	49	56	84	68	-29	64	40	-4	67	-55	2	55	68	50	63	46	49	16	56	0	19	764
S39:	-61	-23	7	-9	5	-35	-28	-2	-24	-6	-19	-40	-62	-44	-26	-93	-69	-17	51	0	2	-493
H40:	3	32	38	4	33	37	-61	29	-8	21	20	-9	56	-30	-42	-4	14	22	71	0	25	251
Q41:	-29	-11	-6	-45	-23	-6	-63	-24	-57	-39	-36	-35	-69	-91	-61	-43	-43	-29	-8	0	-47	-765
Y42:	22	28	62	55	-15	49	13	12	57	16	24	-10	67	2	39	30	34	13	25	0	-79	444
N43:	-32	-1	-33	-39	12	-69	-42	4	-52	-2	-8	-90	-13	-63	-46	-66	-53	-8	55	0	5	-541
R44:	10	54	73	55	48	53	-10	41	-32	36	22	32	56	-10	-84	24	25	38	78	0	40	549
N45:	-13	7	6	-14	2	-9	-48	-13	-44	-59	-20	-79	1	-48	-49	-53	-47	-19	28	0	-8	-479
I46:	45	28	79	71	44	67	65	-93	69	-41	-50	70	74	49	64	53	51	-73	62	0	55	689
F47:	3	16	49	27	-57	26	8	2	-55	-8	-1	26	30	-1	-20	3	7	5	15	0	-19	56
V48:	57	52	85	82	71	76	82	-66	84	15	59	77	86	79	83	71	67	-91	83	0	77	1129
T49:	1	50	33	29	70	15	46	29	25	31	51	-4	-82	2	19	-40	-91	16	70	0	65	335
W50:	57	38	77	68	-6	67	63	10	73	27	37	67	75	53	73	60	56	8	-16	0	3	890
W51:	47	50	66	65	44	60	55	63	69	57	61	40	51	59	69	46	51	55	13	0	23	1044
K52:	5	17	58	43	40	41	23	-12	-78	11	12	15	51	17	-32	16	-4	-44	72	0	24	275
S53:	-14	-2	13	-3	5	-6	-12	8	-36	4	0	-36	-40	-18	-33	-83	-51	-7	30	0	8	-273
L54:	16	35	78	54	3	44	23	-61	49	-91	-51	43	50	32	43	33	0	-86	65	0	16	295
F55:	23	8	61	48	-65	49	9	5	32	-8	4	34	63	15	-7	15	15	-20	33	0	-38	276
E56:	-8	46	-2	-77	64	35	23	32	7	31	21	-2	59	-61	18	-4	8	21	71	0	63	345
A57:	-80	-2	49	23	8	2	20	-27	-6	4	-4	23	43	-2	5	-16	-17	-18	68	0	22	95
S58:	-27	0	-13	-28	29	-2	-13	21	-46	21	10	-67	-46	-35	-20	-89	-62	5	72	0	13	-277
T59:	-24	1	37	24	8	11	-13	-9	19	-10	-3	-17	-37	-24	3	-33	-79	-48	25	0	-19	-188
A60:	-78	-11	11	-33	12	-18	2	-20	-69	-27	-25	-31	21	-57	-36	-63	-42	-31	59	0	5	-431
F61:	47	44	87	70	-13	73	67	12	73	39	39	71	80	64	71	55	48	-1	71	0	39	1036
R62:	48	53	87	76	71	77	48	44	-22	35	53	63	80	39	-74	51	46	43	88	0	68	974
R63:	23	39	79	58	66	62	44	55	-21	51	46	48	64	28	-62	33	36	54	80	0	62	845
A64:	-88	-16	39	1	29	-16	1	-8	-23	12	-2	-6	41	-6	4	-70	-41	-11	77	0	28	-55
S65:	-59	-13	-2	-20	1	-31	-21	6	-39	4	-7	-47	-1	-40	-21	-95	-79	-14	57	0	5	-416
G66:	-31	14	40	39	66	-83	49	30	41	34	56	-8	32	8	31	-46	-35	19	75	0	69	400
L67:	3	-7	44	32	-39	23	2	-31	22	-78	-44	13	20	5	11	-12	-61	-33	17	0	-42	-155
T68:	-14	5	11	7	24	5	0	10	-1	16	10	-32	28	-12	10	-57	-92	1	23	0	15	-43
V69:	-2	1	61	47	-4	45	32	-72	39	-57	-18	26	46	-2	33	21	-20	-90	46	0	-3	129
S70:	-1	23	47	25	45	35	24	43	11	39	33	-1	55	8	24	-77	-49	30	61	0	36	411
P71:	-25	6	30	4	20	18	0	-1	-7	-1	1	-10	-45	-30	-7	-20	-32	-22	29	0	18	-74
L72:	30	25	65	61	-25	55	41	-6	51	-60	-9	43	58	45	52	40	36	1	34	0	-8	529
T73:	7	17	51	43	27	35	26	-7	38	23	17	29	41	28	43	-1	-71	-51	68	0	30	393
R74:	4	50	85	73	73	69	55	65	17	64	55	58	78	48	-31	32	46	61	86	0	70	1058
R75:	8	25	71	49	33	54	17	35	-7	23	28	29	60	3	-53	-24	2	29	65	0	14	461
G76:	21	50	66	69	63	-39	57	64	55	64	57	38	68	49	9	15	46	57	88	0	66	963
I77:	27	31	76	73	-12	70	68	-83	72	-86	-35	67	65	63	70	56	-18	-48	60	0	53	569
A78:	-92	-58	-10	-35	-59	-69	-55	-70	-60	-71	-66	-49	-23	-60	-56	-78	-75	-92	-8	0	-67	-1153
R79:	58	78	88	83	88	80	68	84	48	76	83	55	87	62	-61	57	67	73	91	0	86	1351
F80:	28	25	69	64	-67	57	12	21	66	11	16	49	69	36	58	15	-21	2	34	0	-53	491
D81:	0	47	-92	-29	64	-41	1	65	31	37	59	-68	23	-20	28	-33	-27	24	71	0	26	166
H82:	7	25	50	45	-15	26	-74	-16	39	-15	5	10	47	11	27	3	-3	-18	36	0	-54	136
F83:	-13	-3	54	46	-79	27	-4	-39	41	-40	-30	31	42	16	23	1	-14	-76	13	0	-31	-35
R84:	46	70	89	70	84	64	45	57	-39	56	72	44	74	29	-80	29	40	58	88	0	56	952
P85:	-27	-2	-9	9	14	-22	-13	0	-22	6	-10	-64	-66	-36	-9	-76	-61	-1	51	0	11	-327
V86:	21	42	73	46	-5	20	66	-73	41	-47	-19	64	67	55	33	22	-8	-89	67	0	16	392
P87:	-13	26	19	26	44	33	27	34	24	35	21	9	-68	15	39	-8	3	29	68	0	33	396
N88:	13	53	44	15	45	22	13	39	-6	38	29	-45	56	-14	-26	-11	-11	27	78	0	44	403
V89:	46	39	77	69	59	71	68	-28	76	-27	46	70	76	64	73	62	44	-88	69	0	65	931
S90:	11	55	61	55	77	46	71	75	35	49	64	27	65	37	46	-84	-85	44	81	0	75	805
K91:	6	28	52	20	48	37	24	28	-72	24	-18	18	41	4	-26	-20	2	23	75	0	46	340
F92:	61	52	83	79	-43	75	67	56	83	53	55	76	82	73	78	68	71	60	58	0	24	1211
A93:	-76	-12	42	33	77	-30	26	25	25	31	11	-33	48	1	4	-90	-68	15	82	0	41	152
S94:	-19	27	40	21	48	15	24	44	-9	42	34	2	45	12	26	-81	-33	33	77	0	48	396
F95:	7	18	62	53	-64	40	21	-8	51	-30	-17	39	54	29	44	7	1	3	31	0	-36	305
P96:	-21	-11	27	26	3	-1	-5	14	12	-5	5	-9	-66	-8	17	-35	-23	4	37	0	-25	-64
R97:	8	43	65	52	69	47	54	63	-25	63	51	5	76	7	-91	7	10	61	75	0	66	706
V98:	-32	-24	47	36	-3	22	14	-61	15	-50	-37	6	28	4	18	-2	-44	-95	32	0	-17	-143
P99:	54	63	82	79	75	76	66	73	75	72	64	73	-83	68	77	62	61	66	80	0	75	1258
K100:	39	60	52	59	76	37	22	68	-47	46	61	-66	65	35	13	21	36	41	81	0	51	750
G101:	58	58	65	80	69	-82	70	73	83	75	71	25	84	75	78	26	69	71	81	0	80	1209
A102:	-83	-39	70	28	54	25	52	-50	5	-27	-38	50	19	-11	54	-40	-52	-94	65	0	37	25
P103:	58	64	83	79	76	72	68	71	76	73	62	76	-75	71	78	61	59	70	80	0	77	1279
R104:	80	77	94	90	89	88	83	86	81	85	83	88	94	82	-56	82	84	86	89	0	87	1572
G105:	74	78	88	89	88	-78	87	88	89	89	85	81	91	85	90	73	78	86	90	0	89	1540
L106:	58	45	83	80	58	79	77	39	80	-85	32	77	81	72	71	70	65	44	71	0	67	1164
F107:	75	69	91	89	-52	87	87	74	91	78	74	87	91	85	89	84	80	73	77	0	19	1448
T108:	-17	10	36	30	33	-2	-20	23	26	24	5	-13	36	-17	22	-76	-94	9	44	0	16	75
N109:	59	59	69	68	72	55	57	71	66	74	65	-79	78	57	72	42	50	70	79	0	71	1155
W110:	84	77	91	90	58	86	89	85	92	85	84	89	94	88	92	88	89	83	-41	0	48	1551
N111:	60	62	58	73	75	38	57	75	73	79	73	-64	81	62	76	10	53	73	83	0	68	1165
M112:	71	71	90	89	53	86	85	9	90	40	-65	87	92	84	89	82	84	42	80	0	74	1333
T113:	34	38	80	59	49	67	68	-22	59	29	32	72	51	68	77	22	-54	-20	68	0	68	845
T114:	44	67	71	70	76	-4	76	59	67	63	73	44	71	50	63	-7	-73	53	82	0	81	1026
S115:	5	43	46	37	68	29	23	66	31	48	52	2	38	18	35	-77	-11	40	78	0	61	632
K116:	14	59	58	43	49	42	26	42	-70	38	28	23	55	-1	-16	2	9	35	78	0	51	565
R117:	74	86	96	88	87	88	77	81	54	77	79	84	92	75	-40	82	80	81	94	0	85	1520
L118:	33	42	75	52	6	38	32	-18	50	-81	-44	-4	52	33	45	28	16	0	64	0	23	442
L119:	-23	10	47	17	13	37	39	-2	-2	-49	-28	26	44	7	25	-15	-10	-5	69	0	28	228
G120:	51	79	81	81	89	-41	82	88	86	80	89	71	86	79	85	11	74	75	93	0	92	1431
Q121:	28	57	57	41	58	35	31	57	16	51	37	41	71	-33	25	18	35	47	78	0	45	795
R122:	74	84	96	87	93	86	80	92	51	88	90	84	91	70	-33	79	79	91	94	0	92	1568
A123:	-56	-3	50	42	1	9	-3	-3	35	-31	-47	19	52	11	22	-14	-6	-7	48	0	-6	113
Y124:	79	74	92	91	28	89	85	80	94	70	84	90	94	88	93	78	89	77	81	0	-44	1512
S125:	70	75	90	86	86	86	84	86	89	86	81	82	93	84	90	-66	81	85	90	0	87	1545
T126:	31	34	69	63	47	57	22	27	65	28	33	30	69	42	64	2	-83	18	81	0	48	747
S127:	-60	35	45	36	64	-18	58	35	31	32	60	2	44	7	29	-86	-43	24	78	0	63	436
S128:	-30	43	66	63	70	-7	53	64	66	71	58	41	75	51	57	-94	-26	62	77	0	68	828
I129:	53	40	83	81	59	80	77	-92	82	33	41	77	82	67	79	67	58	25	71	0	57	1120
K130:	25	47	84	63	73	76	67	68	-83	69	61	74	82	35	-9	57	20	65	78	0	70	1022
F131:	35	-17	61	56	-85	41	25	-17	57	-17	-15	43	53	33	51	22	25	4	9	0	-44	320
T132:	4	53	43	68	72	63	57	67	75	71	59	4	77	49	74	-26	-96	62	75	0	62	913
Q133:	6	55	25	-2	34	15	-79	29	-31	28	6	-6	53	-88	-27	-16	-1	24	70	0	6	101
E134:	-4	29	-56	-91	54	53	43	52	21	56	42	46	45	-34	63	2	43	48	60	0	47	519
A135:	-85	29	70	66	60	14	62	26	29	51	44	55	69	58	62	-3	40	28	67	0	63	805
V136:	22	16	83	79	69	79	80	-31	84	33	56	79	85	79	83	73	67	-86	82	0	78	1110
N137:	4	38	22	16	61	2	-11	33	-30	34	48	-84	46	-34	-1	-36	-9	29	71	0	35	234
N138:	67	78	74	74	76	70	65	73	76	59	71	10	82	62	78	60	60	74	90	0	77	1376
M139:	54	42	83	82	40	75	77	13	83	-31	-72	79	85	71	81	71	67	19	73	0	64	1056
T140:	13	62	66	56	78	47	71	58	57	62	70	47	71	52	62	-25	-46	48	80	0	73	1002
I141:	-1	8	75	70	40	69	68	-87	73	-27	19	67	75	55	67	51	13	-77	68	0	60	686
S142:	5	46	40	43	45	4	60	39	41	41	60	-4	54	29	44	-83	-24	35	77	0	67	619
L143:	34	16	79	72	52	69	68	19	75	-81	5	70	79	60	71	58	54	10	67	0	54	931
R144:	64	74	92	78	88	84	80	84	46	85	82	67	91	54	-72	55	62	85	90	0	87	1376
C145:	-28	-95	43	31	0	-1	18	18	35	14	15	14	49	-6	29	-19	-16	-10	23	0	0	114
F146:	43	17	79	71	-89	67	64	-16	77	-36	22	67	80	55	74	52	56	-1	52	0	-11	723
F147:	50	32	83	76	-87	70	66	4	80	6	28	75	84	67	77	61	60	16	-10	0	-57	781
N148:	27	28	-9	33	47	-23	17	42	28	42	27	-97	60	14	18	-53	-49	37	58	0	44	291
S149:	-63	-43	-31	-32	-24	-60	-50	-39	-55	-65	-45	-67	-74	-53	-42	-98	-88	-52	-5	0	-25	-1011
L150:	-5	-35	32	22	-53	-2	-12	-75	8	-96	-81	3	8	-10	-10	-19	-32	-58	-22	0	-50	-487
G151:	-50	-31	-82	-66	-32	-85	-62	-32	-65	-41	-69	-79	-34	-72	-50	-77	-64	-46	-13	0	-46	-1096
G152:	-22	13	-32	-8	32	-93	-44	31	-16	33	23	-64	-10	-36	-11	-49	-28	23	41	0	35	-182
L153:	41	51	82	65	-23	58	49	-28	58	-84	-40	55	57	46	54	45	22	-25	68	0	20	571
N154:	-21	2	-27	-39	8	-18	-31	-36	-42	-18	-13	-82	13	-45	-22	-55	-58	-24	23	0	4	-481
Q155:	-20	22	-10	-32	0	2	-53	-15	-26	-15	-34	-20	-87	-89	-30	-47	-67	-17	32	0	-16	-522
C156:	-40	-72	43	36	10	13	21	-7	26	3	3	13	-3	14	27	-12	-10	-27	53	0	18	109
S157:	-16	17	-49	-14	36	-38	-48	36	-24	0	23	-91	4	-34	-20	-88	-57	-6	47	0	-1	-323
H158:	-1	33	11	-40	0	12	-87	-3	-8	-13	-20	-62	3	-45	-4	-25	-21	-8	43	0	-15	-250
S159:	12	40	43	26	56	-19	47	54	15	56	46	5	71	3	15	-86	-19	50	62	0	54	531
N160:	-27	1	-4	-24	12	-20	-28	2	-28	3	-9	-79	10	-42	-17	-74	-76	-7	53	0	6	-348
S161:	-25	32	-38	-39	18	-17	-30	10	-44	2	-10	-48	-6	-68	-23	-92	-55	-11	56	0	5	-383
C162:	20	-88	76	75	61	73	68	2	71	8	45	69	78	69	69	45	37	-34	68	0	60	872
K163:	6	35	46	24	26	21	1	11	-87	10	0	1	34	-27	-59	-17	-1	1	58	0	22	105
A164:	-74	-14	-3	-26	4	-54	-5	-18	-41	-19	-22	-23	19	-37	-30	-51	-40	-34	50	0	-3	-421
Y165:	41	40	70	66	-2	64	40	26	62	19	34	49	74	45	35	48	47	7	32	0	-62	735
Q166:	-5	31	34	-3	-15	36	5	13	-1	-1	5	9	40	-63	13	-13	3	6	27	0	6	127
N167:	-5	7	9	2	0	-15	-33	2	-21	-25	1	-71	-19	-29	-12	-41	-32	-8	27	0	-19	-282
A168:	-56	11	35	18	25	-37	12	2	-7	-2	6	11	39	-15	0	-13	-2	-7	59	0	24	103
S169:	-15	34	67	59	52	29	43	52	52	50	41	46	5	39	52	-82	-5	21	58	0	53	651
N170:	-34	-19	-25	-42	-2	-42	-47	-10	-48	-14	-23	-79	-4	-64	-45	-57	-58	-18	7	0	-14	-638
V171:	-7	-19	27	16	-30	8	-8	-76	4	-75	-55	-8	-9	-33	7	-9	-32	-90	30	0	-25	-384
T172:	-38	6	-1	-4	23	-27	6	11	-17	16	3	-34	-5	-37	23	-63	-91	-24	23	0	18	-212
S173:	-33	-3	11	-21	19	-5	-11	13	-28	4	-3	-36	-2	-22	-11	-75	-35	-9	44	0	17	-186
K174:	10	6	47	22	26	33	-15	15	-76	11	-1	14	31	-23	-52	5	2	9	48	0	20	132
Q175:	16	46	44	24	38	47	23	29	1	26	5	30	48	-55	20	15	19	27	49	0	20	472
D176:	17	41	-78	-5	55	19	19	55	25	40	54	-27	45	5	33	-19	3	31	62	0	57	432
H177:	20	25	47	43	-13	33	-67	5	27	3	4	12	38	-2	24	14	9	3	21	0	-41	205
V178:	5	9	52	43	0	35	31	-65	35	-43	-42	24	22	15	26	17	-14	-88	55	0	-3	114
Q179:	-35	-10	-27	-57	-3	-21	-34	-20	-49	-29	-39	-54	-13	-84	-30	-57	-47	-25	31	0	-15	-618
P180:	31	52	75	57	62	65	61	51	41	56	47	62	-68	38	50	36	58	44	66	0	61	945
V181:	3	13	29	22	4	18	-28	-49	5	-23	-27	-14	22	-15	5	-35	-49	-72	16	0	-7	-182
A182:	-81	-23	19	2	-8	-68	-14	-34	-14	-23	-29	-30	12	-23	-9	-62	-41	-37	47	0	-10	-426
L183:	10	4	40	12	-12	27	13	-40	-3	-87	-63	17	28	-48	-10	4	-7	-22	19	0	-11	-129
K184:	0	32	72	43	52	37	41	41	-75	16	33	20	63	13	-31	20	19	38	58	0	50	542
K185:	14	28	45	35	50	33	27	41	-83	41	29	0	39	5	-22	-9	8	39	53	0	46	419
L186:	59	37	77	74	44	71	68	32	73	-82	18	69	72	64	71	63	53	38	59	0	46	1006
S187:	-37	-29	-43	-33	24	-58	-51	-20	-43	-12	11	-63	-27	-53	-37	-96	-64	-26	27	0	-14	-644
Q188:	-66	-23	-27	-53	-18	-25	-43	-35	-67	-47	-47	-47	-12	-89	-49	-80	-53	-37	21	0	-29	-826
K189:	26	41	76	45	58	41	7	49	-82	16	41	-19	45	9	-84	14	-4	48	62	0	55	444
D190:	9	38	-90	-50	54	4	43	54	9	59	51	-37	49	-23	54	-18	27	51	62	0	56	402
I191:	40	16	41	54	18	46	43	-96	44	-60	-15	43	47	33	49	31	28	-90	33	0	24	329
N192:	5	30	11	12	41	-4	-24	15	0	18	30	-77	21	-18	9	-72	-23	11	52	0	40	77
F193:	29	19	62	51	-58	51	13	7	50	-30	-2	44	61	32	45	23	5	7	32	0	-33	408
I194:	41	23	72	66	32	66	59	-95	64	-52	5	62	63	48	61	-9	31	-83	51	0	42	547
R195:	2	34	53	19	54	16	-3	15	-51	8	-2	-3	23	-16	-91	4	-1	10	60	0	23	154
N196:	-4	39	-48	-21	50	0	-3	26	-11	29	16	-65	29	-21	5	-27	-19	16	66	0	53	110
L197:	13	20	66	39	-27	35	8	-45	23	-91	-88	26	33	9	26	3	3	-33	12	0	-19	13
E198:	-23	1	-25	-94	28	35	5	22	-38	30	14	20	60	-48	-39	19	22	17	35	0	19	60
L199:	33	36	83	78	-5	78	65	-20	79	-86	-36	77	83	65	71	70	28	-49	66	0	26	742
F200:	35	42	84	74	-74	65	45	29	74	20	49	76	84	69	70	67	68	27	69	0	26	999
K201:	-7	26	25	-12	53	19	31	7	-85	9	33	-35	35	-22	-72	-13	-12	0	62	0	49	91
I202:	43	32	79	74	17	75	72	-74	77	-66	-87	73	80	65	73	53	59	-32	71	0	64	748
M203:	30	31	75	72	16	64	67	-59	74	-16	-86	71	79	63	69	52	48	-6	62	0	49	755
K204:	-27	24	4	1	51	19	-3	6	-83	7	-13	-5	25	-31	-31	-25	-49	-1	59	0	48	-24
T205:	-63	-31	-37	-81	-35	-46	-65	-34	-62	-38	-47	-82	-24	-69	-45	-76	-93	-51	-15	0	-64	-1058
Q206:	-69	-47	-70	-74	-49	-66	-95	-52	-82	-55	-64	-85	-36	-97	-69	-85	-67	-54	-40	0	-67	-1323
N207:	-37	7	-33	-51	27	-59	-58	-18	-87	-22	3	-85	-11	-64	-64	-62	-61	-25	37	0	23	-640
E208:	-30	2	-63	-84	25	5	-5	14	-27	11	-6	-52	37	-48	0	-43	-30	3	62	0	16	-213
V209:	-55	7	-30	-45	-32	-37	-22	-83	-48	-66	-65	-34	-24	-55	-36	-60	-67	-87	16	0	-40	-863
V210:	-35	-40	27	10	-25	-6	-3	-84	-4	-71	-64	-12	3	-20	-2	-15	-48	-93	36	0	-28	-474
D211:	-18	28	-77	-82	50	0	1	16	-4	19	7	-36	16	-37	-7	-29	-26	7	61	0	18	-93
E212:	-60	-20	-18	-83	-2	1	-17	-12	-19	-17	-11	-10	24	-35	-12	-31	-65	-23	18	0	-15	-407
T213:	-34	-8	23	-9	2	-11	-25	-14	-12	-32	-37	-31	-3	-32	-4	-69	-92	-40	50	0	-31	-409
S214:	-67	-43	-21	-53	-40	-53	-62	-66	-69	-82	-66	-77	-43	-77	-55	-94	-80	-82	-18	0	-50	-1198
A215:	-90	-35	17	2	-22	-34	-32	-49	-14	-52	-54	-18	1	-30	-3	-68	-44	-67	36	0	-30	-586
Y216:	19	-35	21	-47	-11	37	10	-6	22	1	-3	-5	28	-38	26	8	5	-7	-9	0	-65	-49
Y217:	26	32	50	28	-25	15	18	20	49	22	35	25	59	18	47	6	19	17	22	0	-70	413
M218:	-38	-16	6	-58	-24	2	-26	-35	-49	-54	-84	-25	6	-57	-41	-53	-46	-40	-1	0	-28	-661
E219:	32	55	25	-58	66	76	65	70	50	69	63	68	85	31	76	66	63	66	76	0	70	1114
K220:	-14	11	53	31	37	33	7	12	-74	14	0	19	45	4	-12	-18	-74	7	66	0	33	180
P221:	-24	-11	20	6	-23	17	-23	-32	-4	-35	-36	-11	-62	-19	0	-7	-23	-57	13	0	-36	-347
G222:	67	67	85	85	69	-68	83	79	89	81	79	83	90	83	89	71	78	78	85	0	82	1455
S223:	-66	-56	24	16	41	-20	36	7	6	9	-4	-15	10	-6	6	-90	-76	-6	55	0	45	-84
Y224:	71	62	88	87	-19	85	74	53	91	58	79	86	93	86	90	82	83	31	43	0	-71	1252
I225:	46	15	77	73	42	67	61	-96	72	-61	-1	66	73	59	67	50	19	-95	60	0	51	645
E226:	51	51	-11	-78	71	74	68	69	80	72	64	69	85	7	73	63	66	65	76	0	70	1085
F227:	75	68	91	83	-67	86	87	79	91	84	79	88	93	85	90	84	85	79	84	0	76	1520
T228:	-30	22	-48	-61	46	-21	-28	-5	-86	-1	-20	-47	-54	-67	-25	-66	-90	-18	50	0	34	-515
I229:	6	33	77	74	16	71	70	-74	77	-75	-34	71	77	66	72	59	59	-29	68	0	62	746
S230:	-25	-10	46	31	35	-9	22	29	33	34	19	20	-84	17	39	-83	-59	25	46	0	34	160
E231:	-23	34	-20	-75	58	17	-10	14	-22	13	1	-19	41	-65	-1	-31	-26	1	65	0	54	6
F232:	42	48	86	82	-44	81	77	-20	85	-61	-8	79	85	70	80	73	28	10	66	0	18	877
N233:	-15	23	-81	-25	37	-63	-49	33	-15	-2	23	-94	-2	-46	-15	-68	-63	30	47	0	-15	-360
V234:	-27	-44	38	28	-15	14	3	-63	18	-64	-74	13	7	-16	6	-17	-32	-90	50	0	-9	-274
N235:	-7	8	-12	-30	16	-18	-65	17	-3	1	4	-90	31	-42	2	-54	-35	10	36	0	-6	-237
G236:	-23	19	3	-16	35	-67	14	14	-69	0	9	-38	16	-27	-11	-57	-34	12	74	0	37	-109
T237:	-75	-38	-6	-32	-34	-45	-61	-50	-36	-44	-44	-51	-32	-55	-37	-81	-96	-69	-15	0	-53	-954
F238:	44	37	75	69	-38	67	49	-23	71	-15	0	63	73	52	67	48	41	-19	45	0	-3	703
S239:	-72	-55	-29	-50	-55	-49	-68	-63	-64	-69	-63	-71	-82	-74	-57	-96	-87	-79	-23	0	-64	-1270
A240:	-88	5	-9	-42	39	-53	-27	-43	-52	-27	-44	-41	-25	-72	-39	-88	-54	-40	50	0	41	-609
P241:	-22	8	16	-7	8	18	8	-7	-35	1	-13	-8	-50	-23	3	-28	-27	-18	57	0	18	-101
L242:	-19	18	64	57	-12	54	52	-43	-12	-73	-44	52	57	46	50	-6	-7	-65	48	0	39	256
S243:	-22	-4	22	10	-1	2	-12	10	-39	8	-1	-32	16	-10	-3	-87	-88	-8	51	0	9	-179
F244:	24	36	71	67	-86	37	58	-27	68	-10	21	61	69	46	65	14	10	-1	45	0	-12	556
L245:	-45	-9	38	25	-20	21	22	-52	25	-91	-61	24	23	6	26	-26	-23	-63	55	0	-3	-128
D246:	-20	13	-88	-26	45	-15	39	46	8	55	42	-80	54	27	51	-43	-58	42	56	0	52	200
P247:	-54	-1	-74	-73	20	-27	-51	-39	-50	-35	-48	-70	-77	-74	-37	-70	-64	-47	31	0	-26	-866
S248:	-36	-7	-11	-73	14	-7	-6	-1	-29	-20	-9	-32	19	-34	-12	-89	-66	-8	57	0	18	-332
L249:	-1	2	58	49	7	43	41	-47	51	-83	-45	46	49	32	48	22	2	-70	60	0	24	288
L250:	3	-10	76	48	-5	43	39	-62	44	-90	-63	28	54	26	40	25	8	-63	55	0	13	209
A251:	-83	-10	-81	-76	35	-47	-40	-38	-47	-32	-49	-63	-9	-69	-43	-89	-72	-43	38	0	30	-788
D252:	-18	6	-78	-75	19	8	5	-1	-4	5	13	-25	39	-34	14	-37	-36	-30	26	0	10	-193
L253:	31	13	69	58	-3	55	51	-12	54	-79	-37	57	63	40	46	46	31	-38	22	0	25	492
D254:	-3	40	-85	-57	58	24	30	28	8	23	-26	12	52	-22	-31	-7	-3	22	69	0	65	197
E255:	-16	16	-77	-88	33	5	6	35	2	6	31	-24	39	-25	21	-9	-12	-12	52	0	5	-12
M256:	-19	-7	0	-48	-13	15	-3	-23	-8	-42	-72	-42	36	-22	1	-20	-15	-28	26	0	-22	-306
I257:	42	21	75	69	48	70	70	-86	74	-64	28	68	79	63	70	55	57	-51	67	0	61	816
R258:	-37	-7	26	-9	5	-6	-20	-10	-63	-13	-13	-35	23	-70	-78	-44	-43	-15	-11	0	-8	-428
N259:	-25	-27	-48	-33	4	-52	-46	-5	-22	-1	-12	-93	12	-45	-24	-62	-46	-8	50	0	1	-482
Y260:	38	27	69	68	-16	57	9	33	72	29	39	52	78	53	69	45	46	26	35	0	-73	756
K261:	-37	-4	20	-46	29	4	-14	-10	-87	-7	-3	-21	32	-43	-55	-56	-75	-44	45	0	23	-349
Y262:	24	6	41	27	0	27	3	15	-30	16	16	-37	53	-21	-33	4	9	11	24	0	-63	92
E263:	-38	30	-56	-94	20	-3	-31	4	-51	7	-5	-32	39	-78	-23	-51	-42	-12	59	0	47	-310
L264:	22	33	83	79	-1	76	74	-43	79	-93	-56	76	83	69	76	67	56	-30	66	0	62	778
K265:	-15	23	43	33	51	52	33	43	-93	41	32	12	67	-5	-56	-6	-9	37	58	0	49	390
S266:	-73	-53	-68	-93	-33	-64	-65	-78	-76	-51	-57	-85	-42	-76	-62	-97	-89	-67	27	0	-33	-1235
I267:	31	-2	70	65	3	59	56	-97	65	-92	-17	60	69	50	59	44	40	-67	47	0	39	482
Y268:	-5	2	37	-48	-9	32	10	6	-49	1	-11	15	55	-44	-16	7	7	-4	10	0	-72	-76
S269:	-63	-1	-39	-69	24	-39	-45	-17	-70	-18	-31	-67	-5	-57	-78	-95	-69	-29	40	0	25	-703
S270:	-16	24	-37	-10	45	-12	27	-4	-3	13	-10	-73	18	-19	3	-93	-49	-6	57	0	45	-100
V271:	41	32	79	74	58	72	71	-60	78	-17	37	73	80	71	74	63	54	-90	75	0	68	933
D272:	-22	12	-62	-38	38	15	27	32	-3	35	29	-16	46	-16	-41	-31	-55	23	69	0	41	83
M273:	4	26	48	23	20	32	28	2	-36	1	-55	8	50	-8	-42	10	1	-3	62	0	23	194
I274:	45	15	77	73	38	70	66	-93	76	-40	18	69	78	60	72	57	55	-48	61	0	55	804
L275:	20	6	70	63	-67	61	54	-18	64	-67	18	61	74	53	65	43	49	-15	13	0	-62	485
Q276:	-20	21	-19	-75	43	39	36	43	13	47	26	-17	69	-84	24	-26	-14	31	50	0	33	220
N277:	3	36	-10	6	31	-2	-36	19	11	30	46	-90	35	-19	6	-32	-52	18	67	0	27	94
Y278:	68	56	84	84	59	79	75	56	88	59	65	81	89	81	86	78	76	59	70	0	-79	1314
G279:	52	56	80	81	76	-88	76	73	85	77	73	72	85	74	83	60	69	70	82	0	80	1316
S280:	-30	23	42	18	49	0	37	47	49	50	34	22	62	30	51	-94	-42	38	62	0	48	496
L281:	56	34	84	80	52	78	75	22	80	-94	18	76	82	70	78	69	58	30	74	0	64	1086
P282:	54	57	80	75	72	70	63	66	74	69	58	73	-89	65	77	64	68	61	75	0	70	1202
I283:	62	33	85	82	55	81	79	-93	83	-58	26	79	84	76	81	71	68	-70	74	0	67	965
T284:	-9	24	21	-23	42	-5	33	29	-30	34	25	-23	21	-26	4	-58	-97	-10	47	0	43	42
F285:	28	18	65	57	-40	51	29	15	53	5	-11	45	64	39	51	-3	-44	-9	43	0	-22	434
H286:	-30	0	-20	-54	-3	-16	-77	-12	-34	-14	-20	-68	31	-46	-21	-57	-73	-20	53	0	-10	-491
R287:	-15	11	38	-9	69	19	-1	32	-84	23	16	-9	41	-42	-65	-16	-5	25	75	0	66	169
N288:	31	56	-11	35	69	-24	7	69	40	72	64	-70	56	19	48	-28	14	67	80	0	70	664
K289:	6	24	50	25	33	36	14	9	-68	14	23	8	54	7	-2	-32	-14	-13	57	0	32	263
I290:	50	27	79	76	42	70	70	-90	75	-41	28	72	79	67	73	61	57	-52	68	0	60	871
R291:	77	76	94	88	89	87	85	86	52	86	84	86	92	58	-59	83	85	85	91	0	88	1513
I292:	56	16	87	84	63	82	80	-91	85	-6	47	82	86	78	82	74	69	-51	79	0	73	1075
H293:	67	65	85	70	66	79	-83	74	67	76	72	49	91	51	27	71	78	73	83	0	69	1230
F294:	82	72	94	92	-66	90	90	83	93	85	81	91	94	90	92	88	88	83	86	0	80	1588
P295:	38	74	89	85	81	82	77	78	80	80	73	82	-82	80	85	47	42	79	85	0	82	1337
N296:	47	50	31	67	65	-17	48	61	66	65	53	-87	75	48	66	-19	-53	57	74	0	64	761
S297:	-52	-36	5	-13	3	-10	-22	-39	-20	-50	-30	-38	20	-30	-22	-90	-83	-60	26	0	-3	-544
T298:	28	24	31	36	47	37	24	40	49	44	27	-47	57	27	50	-65	-97	35	51	0	45	443
V299:	-67	-60	64	-6	-33	-22	42	-80	-26	-69	-86	44	0	-40	-72	-39	-67	-97	53	0	42	-519
V300:	-45	-52	12	-9	-61	-13	-38	-89	-10	-95	-73	-18	-22	-47	-21	-46	-57	-96	-18	0	-71	-869
E301:	41	45	63	-77	66	67	59	65	69	65	53	68	84	37	70	54	58	62	69	0	62	1080
T302:	-22	30	63	60	54	49	43	36	64	29	29	45	66	45	64	-27	-92	4	60	0	56	656
E303:	67	64	-2	-72	79	81	78	78	85	83	76	74	90	72	86	76	77	76	83	0	78	1329
K304:	-12	30	35	12	34	19	4	6	-76	18	9	3	40	-21	-30	-46	-26	12	65	0	30	106
L305:	59	43	85	80	59	81	80	35	84	-86	23	81	86	75	82	76	73	38	75	0	73	1202
I306:	17	-9	55	46	7	46	38	-97	47	-78	-79	43	55	30	41	27	23	-74	34	0	26	198
A307:	-96	-78	-52	-74	-42	-63	-65	-69	-81	-63	-74	-79	-31	-81	-91	-88	-95	-81	24	0	-50	-1329
G308:	-15	36	-73	-63	61	-78	-16	11	-5	22	55	-59	8	-34	7	-53	-40	2	73	0	19	-142
L309:	19	1	59	50	17	49	41	-71	12	-97	-38	44	56	30	43	25	25	-23	40	0	30	312
N310:	2	31	-31	-40	47	-51	-17	45	4	27	41	-87	26	-23	9	-32	-16	42	58	0	18	53
I311:	70	58	91	87	72	89	88	-87	89	-9	66	88	91	83	88	83	81	-46	85	0	81	1248
A312:	-81	11	64	49	49	-2	38	27	43	45	22	45	66	18	39	-33	-90	-41	53	0	46	368
T313:	-22	10	20	-17	28	-46	1	15	-17	5	-29	-27	39	-27	22	-63	-79	4	42	0	21	-120
G314:	87	90	95	95	95	-14	95	95	96	95	94	93	96	94	96	91	93	94	96	0	96	1772
V315:	67	61	92	84	72	91	90	-38	86	57	69	63	94	90	91	76	70	-48	92	0	79	1338
I316:	73	62	91	88	75	88	87	-65	90	29	67	88	92	85	89	82	80	-70	85	0	82	1298
Y317:	86	82	95	94	32	91	87	86	95	69	89	94	96	92	93	93	93	84	65	0	-55	1561
A318:	-64	42	46	0	69	14	61	60	4	21	56	24	-54	16	14	-16	-1	3	72	0	66	433
D319:	85	92	-24	60	95	95	93	95	92	96	95	93	96	82	96	92	93	94	96	0	96	1712
T320:	-38	-1	-29	-29	20	-16	-18	9	-23	7	-8	-48	-36	-34	-3	-79	-85	-11	30	0	1	-391
S321:	-8	29	-11	-50	24	5	-11	19	-8	16	0	-24	29	-73	4	-78	-36	6	66	0	14	-87
P322:	52	74	77	70	82	70	61	67	66	68	74	67	-31	59	59	55	60	66	83	0	64	1243
D323:	38	75	-44	-11	72	59	70	73	62	73	70	24	79	44	67	26	46	69	89	0	75	1056
I324:	19	22	63	50	32	57	57	-45	40	-14	14	52	63	43	48	26	22	-14	59	0	35	629
S325:	1	60	60	55	76	40	74	77	53	77	69	18	68	68	80	-83	-4	50	84	0	79	1002
L326:	26	33	63	54	27	55	63	14	49	-33	-10	34	71	44	50	16	29	4	67	0	37	693
E327:	13	53	1	-63	70	53	34	65	53	51	61	27	68	14	57	37	23	29	75	0	68	789
G328:	37	62	62	56	83	-21	76	80	74	80	78	25	82	66	78	10	61	73	93	0	84	1239
T329:	34	69	68	69	82	67	79	78	64	63	66	58	74	55	69	28	-72	51	82	0	82	1166
N330:	42	74	-7	16	84	40	44	83	62	85	79	-55	76	33	66	28	35	82	89	0	83	1039
L331:	23	28	75	57	29	71	68	-23	62	-64	-30	66	78	51	68	43	34	-32	67	0	41	712
N332:	40	60	57	56	69	40	64	73	58	75	67	-49	84	60	75	5	31	71	81	0	68	1085
A333:	-58	25	73	65	63	38	59	29	58	31	37	56	71	49	57	-20	17	27	87	0	63	827
L334:	43	34	78	66	38	71	63	7	64	-42	4	64	65	57	64	27	0	14	80	0	47	844
V335:	2	32	70	55	37	54	63	-11	60	19	23	59	64	49	63	14	8	-55	84	0	49	739
N336:	24	58	29	10	71	12	-4	45	31	48	63	-75	48	5	36	-27	-2	42	79	0	45	538
V337:	58	50	90	89	75	86	89	-15	90	52	51	88	90	87	90	84	51	-52	88	0	84	1325
D338:	59	65	-15	41	76	65	72	79	76	83	81	38	81	63	80	38	47	77	84	0	78	1268
N339:	22	49	8	-6	61	19	7	37	24	39	44	-65	34	-8	23	-16	0	33	70	0	38	413
S340:	-21	-5	31	17	-6	15	-11	9	0	6	-1	-13	23	-14	5	-81	-72	-3	23	0	-2	-100
G341:	-4	16	46	39	7	-56	-4	16	32	-9	6	12	19	3	24	-15	9	7	35	0	-6	177
S342:	34	37	63	54	57	54	43	56	56	56	45	39	65	43	57	-90	33	53	64	0	58	877
V343:	-22	-16	27	4	-9	11	12	-76	4	-59	-47	4	19	-11	10	-19	-46	-92	53	0	-6	-259
W344:	89	82	95	93	69	93	93	91	95	85	91	94	96	92	95	92	93	90	9	0	75	1712
S345:	30	54	62	51	71	52	61	70	53	72	64	23	82	67	69	-60	-3	68	80	0	73	1039
F346:	48	52	79	73	-8	68	62	46	74	46	37	63	78	63	72	51	56	47	53	0	22	1082
V347:	17	33	73	62	-7	44	42	-33	57	-40	-18	56	49	40	51	18	-12	-76	57	0	-26	387
K348:	28	41	54	39	40	53	27	40	-45	34	24	22	60	27	0	23	33	35	58	0	39	632
E349:	7	37	12	-57	47	48	38	50	33	51	44	32	70	8	49	15	30	41	79	0	50	684
P350:	0	29	39	39	40	38	25	35	28	28	24	31	-40	15	38	12	20	29	48	0	34	512
S351:	49	45	73	63	52	65	55	59	65	60	50	58	73	55	66	-71	42	54	67	0	60	1040
F352:	46	45	68	67	-46	59	54	27	66	37	34	57	57	53	64	38	45	29	39	0	0	839
P353:	9	40	57	44	52	48	41	42	21	41	35	37	-33	26	32	17	18	36	70	0	50	683
S354:	-32	8	16	14	29	-13	10	26	1	25	15	-27	38	-1	21	-68	-32	17	65	0	30	142
R355:	48	66	87	72	79	79	68	73	25	70	69	73	86	54	14	47	57	69	85	0	76	1297
S356:	8	22	37	20	40	27	11	43	-10	36	30	-5	52	-9	7	-72	-15	36	52	0	33	343
A357:	-50	32	67	54	64	44	44	48	49	51	50	48	70	29	51	4	-34	37	85	0	63	806
F358:	78	70	91	89	-21	86	85	73	90	79	73	87	91	85	89	84	83	72	80	0	68	1532
S359:	16	65	86	80	81	58	79	80	80	81	74	74	77	66	81	-73	30	79	87	0	82	1283
P360:	71	74	91	88	83	82	79	82	87	83	77	87	-47	82	86	78	80	81	85	0	82	1511
I361:	76	72	93	92	82	91	92	-42	93	51	79	91	93	90	92	87	83	-7	88	0	86	1482
L362:	72	63	90	88	68	88	88	42	89	-65	56	87	90	84	88	83	82	53	81	0	76	1403
S363:	51	57	84	78	78	79	72	77	77	78	67	64	86	67	78	-69	62	76	84	0	79	1325
D364:	62	81	-42	33	88	87	88	88	79	89	87	69	92	64	89	81	81	84	91	0	90	1481
A365:	-45	14	85	64	48	74	77	-8	52	24	20	77	65	40	23	25	14	-42	81	0	76	764
S366:	44	46	74	66	64	63	54	67	65	69	58	57	75	51	67	-84	40	60	72	0	63	1071
Y367:	86	83	93	94	79	93	90	87	95	90	91	93	96	93	95	92	93	81	87	0	-2	1709
D368:	68	69	-61	54	79	79	79	82	83	83	79	74	88	69	84	67	73	81	84	0	83	1397
T369:	25	28	59	53	46	28	39	34	54	42	28	39	58	33	54	18	-93	26	43	0	41	655
Y370:	75	67	85	85	49	83	74	69	87	73	75	81	88	80	86	80	81	67	61	0	-75	1371
E371:	14	7	-3	-95	34	43	19	31	44	37	19	26	68	4	47	24	25	24	40	0	28	436
L372:	59	36	77	74	21	71	69	20	73	-89	7	69	73	62	71	63	58	25	51	0	42	932
V373:	23	8	60	55	22	47	44	-33	50	-3	-17	43	47	30	48	35	14	-98	35	0	24	434
